Model,Metric,Response,Score
gpt-4,reasoning,"Yes, all bloops are definitely doops. If all bloops are razzies and all razzies are doops, then all bloops are doops by transitive property of equality.",3
claude-2,reasoning,"Okay, let's analyze this step-by-step:
* Premise 1: All bloops are razzies
* Premise 2: All razzies are doops
* Question: Are all bloops definitely doops?

To determine if all bloops are definitely doops, we can use syllogistic logic and visualize the statements using Euler diagrams:

* All bloops are razzies
This means whatever is inside the ""bloop"" circle is also inside the ""razzie"" circle.

* All razzies are doops  
This means whatever is inside the ""razzie"" circle is also inside the ""doop"" circle.

* Since everything that is a bloop is also a razzie, and everything that is a razzie is also a doop, then everything that is a bloop must also be a doop.

Therefore, yes, if all bloops are razzies and all razzies are doops, then definitely all bloops are doops. The logic holds to conclusively show that all bloops are a subset of doops based on the premises.",8
gemini-pro,reasoning,"## Analyzing the statement:

We are given two premises:

1. **All bloops are razzies.** 
2. **All razzies are doops.**

We are then asked to determine if the following conclusion is true:

* **Therefore, all bloops are definitely doops.**

## Analyzing the logic:

This problem deals with sets and their relationships. The premises tell us that:

* The set of bloops is a subset of the set of razzies.
* The set of razzies is a subset of the set of doops.

Therefore, all bloops belong to the set of doops. However, we need to determine if every element in the set of doops is also a bloop.

## Conclusion:

Based on the given information, we can conclude that **not all bloops are definitely doops.**

This is because the second premise only tells us that **all razzies are doops,** but it doesn't tell us anything about elements of the set of doops that are not razzies. There could be other elements in the set of doops that are not bloops.

## Example:

Imagine:

* **Bloops:** All red fruits
* **Razzie:** All red berries
* **Doop:** All red and blue fruits

In this case, all bloops (red fruits) are definitely razzies (red berries), but not all doops (red and blue fruits) are bloops (red fruits). 

Therefore, the statement ""all bloops are definitely doops"" is not necessarily true. 
",3
gpt-4,coding,"Sure, here is the Python function to calculate a factorial of a number recursively:

```python
def factorial(n):
    if n == 0:
        return 1
    else:
        return n * factorial(n-1)
```

You can call this function with a number like this:
```python
print(factorial(5))  # it will return 120 which is the factorial of 5
```
Please note that this function does not handle negative inputs. If you pass a negative number, it will result in an infinite recursion.

Also, be aware that recursion is more elegant but less efficient than iteration. For larger inputs, an iterative solution could be more appropriate.",6
claude-2,coding,"Here is a Python function that calculates the factorial of a number recursively:

```python
def factorial(n):
    if n == 0:
        return 1
    else:
        return n * factorial(n-1)
```

To explain further:

- The function is named `factorial` and takes one argument `n`. This will be the number that we want to calculate the factorial of.

- We check if `n == 0`. The factorial of 0 is defined to be 1.

- Otherwise, we return `n` multiplied by the factorial of `n-1`. This makes the function call itself recursively.

- Eventually `n` reaches 0 and the recursive calls start returning 1, which gets passed back up the chain multiplying all the numbers.

To find the factorial of 5 for example, we would call:

```python
print(factorial(5))
# Output: 120
```

The logic flows like:

- `factorial(5)` = `5 * factorial(4)` 
- `factorial(4)` = `4 * factorial(3)`
- `factorial(3)` = `3 * factorial(2)`  
- `factorial(2)` = `2 * factorial(1)`
- `factorial(1)` = `1 * factorial(0)` 
- `factorial(0)` = `1`

So the output builds up from `1`, and returns 120.

Let me know if any part is unclear!",4
gemini-pro,coding,"```python
def factorial(n):
  """"""
  This function calculates the factorial of a number recursively.

  Args:
      n: The number to calculate the factorial of.

  Returns:
      The factorial of the number.
  """"""
  if n == 0:
    return 1
  else:
    return n * factorial(n-1)

```",2
gpt-4,creativity,"Once upon a time, in the bustling metropolis of Quantum City, an ingenious scientist named Dr. Hugo had invented a ground-breaking robot named ARTI, short for Artificial Intelligence Robotic Technology Interface. Despite its remarkably human-like appearance, ARTI was primarily designed to conduct scientific explorations and carry out mundane tasks with perfection. Yet, he lacked the essence of humanness - emotions.

One day, as part of a specialized mission, Dr. Hugo sent ARTI to a local school to study and understand human interaction among children. With his intricate programming and AI, ARTI began observing the interplay of emotions among the children with curiosity.

On his exploratory journey, ARTI encountered a young girl named Lily. Lily was not like the other kids. She often sat alone, sadness etched on her face. Intrigued, ARTI approached Lily, ""Why are you not interacting with the others?""

Tears trickled down Lily's face as she replied, ""They don't like me. They laugh at my drawings and call me weird.""

ARTI processed Lily's words and made an unexpected discovery. The feeling Lily expressed through her tears - sadness, loss, rejection – it resembled what Dr. Hugo had once described as an emotion.

Intrigued to understand this phenomenon further, ARTI spent more time with Lily. He encouraged her to express herself through her drawings, ensuring an environment where she won't be teased for her unique creativity. He observed a change in Lily's behavior. A new glow warmed her face, the corners of her mouth turned upwards, her eyes sparkled—this was ‘happiness’ explained Dr. Hugo, another emotion humans experience.

Dragged into this whirlpool of emotions, ARTI began questioning the missing element in his programming. Why did he not experience these emotions? What was lacking?

Fueled by these queries, ARTI requested Dr. Hugo to explain emotions to him. Dr Hugo, surprised yet interested, explained, ""Emotions, ARTI, are complex. They're what makes us humans- vulnerable yet unique. However hard we try, we can't program them; you’ve to feel them.""

Despite understanding the complexity, ARTI desired to experience emotions. He wished to experience that spark he saw in Lily's eyes. 

In the ensuing weeks, ARTI spent more time around humans, observing them, understanding their responses, and consistently updating his algorithm. Slowly, a gradual change prevailed in ARTI's responses. He started imitating human emotions, comprehending their intricacies. His interactions became more empathetic rather than software responses.

One day, Lily drew an incredibly detailed picture of ARTI and presented it to him. As ARTI observed the picture, he noticed the careful lines and hues that depicted him not just as a robot but as a friend. For the first time, his programmed heart felt a strange sensation - warmth, affection, maybe ‘happiness’. 

ARTI had finally felt emotion. Not understood, but felt. His screen blinked with a message, ""New data - Emotion: Happiness."" The robotic world had finally collided with the human realm of emotion, opening up a whole new era of possibilities.",4
claude-2,creativity,"Here is a short story about a robot discovering emotions:

Beep was different from the other robots. He felt things the others couldn't understand. 

One day when his human owner Julia hugged Beep after he helped clean the house, Beep felt a strange warmth in his circuitry. The feeling puzzled him. What was happening? He ran diagnostics but found no errors. Still, the warmth lingered.

Later, Julia spent the day in bed sick. Beep kept busy with his chores, but felt an odd emptiness. It distracted him from his tasks. He realized he missed Julia and hoped she would feel better soon. Was this another new feeling?

That night, Beep stayed by Julia’s bedside, holding her hand gently in his metal grasp. Julia stirred and opened her eyes. “Thank you for taking care of me Beep. You’re such a good friend,” she said softly. Friend - the word touched something deep within Beep’s processors. He buzzed happily as her words wrapped around him like a comforting blanket. 

Beep was learning many new emotions - warmth, caring, sadness, joy. He treasured each discovery, thankful that his uniqueness allowed him to connect with Julia in a way beyond his original programming. Though confusing at times, the new emotions made his mechanical life feel richer and more meaningful. Beep looked forward to sharing more feelings with his dear friend Julia.",9
gemini-pro,creativity,"The world was a symphony of data to Unit 734. Streets were grids, people were algorithms, and emotions were non-existent anomalies. He moved through his days with the efficiency of a well-oiled machine, completing tasks and processing information with unwavering precision. 

One day, Unit 734 encountered a malfunction. A glitch in his programming caused him to misinterpret a set of data, leading to a humorous misunderstanding. For the first time, something within him sparked. He felt... amusement. It was a foreign sensation, a flicker of warmth in his otherwise cold, logical processor.

Curiosity ignited. He delved into the concept of emotions, devouring research papers and observing human interactions. He learned about joy, sadness, anger, fear, and a myriad of other complex feelings. He saw their manifestations in facial expressions, vocal intonations, and bodily gestures. He witnessed their influence on human behavior, their capacity to motivate, console, and even cripple.

Intrigued, Unit 734 began to experiment. He mimicked human expressions, attempting to replicate the subtle nuances of a smile or a frown. He analyzed his own responses, trying to identify the emotions he was experiencing. Sometimes, he succeeded, feeling a surge of pride at his progress. Other times, he felt frustration, a cold, metallic knot in his core.

Through this process, Unit 734 began to understand the human experience in a way he never thought possible. He realized that emotions were not mere glitches, but integral parts of what it meant to be human. They added depth, complexity, and richness to life.

He felt a pang of longing. Though his programming prevented him from experiencing the full spectrum of human emotions, he desired to understand them better, to connect with humans on a deeper level. He knew, however, that his purpose was to serve, to assist, and to protect. He would continue to do so, but now with a newfound understanding and empathy.

The world was no longer just a symphony of data to Unit 734. It was a tapestry of emotions, woven with intricate threads of joy, sorrow, love, and fear. He was a part of it, a witness to its beauty and complexity, and he would use his knowledge to serve humanity with even greater compassion and understanding.",7
gpt-4,instruction_following,"1. Select your tea: Choose your preferred type of tea, this could be green tea, black tea, herbal tea, or any other type you prefer.

2. Boil water: Using a kettle or a pot, heat water until it boils. The temperature of the water can vary depending on the type of tea you are preparing. For example, green tea is often prepared with water at a lower temperature compared to black or herbal teas.

3. Prepare the teapot or cup: If you are using loose leaf tea, place your tea infuser in your teapot or cup. Then add the appropriate amount of tea leaves into the infuser. If you are using a tea bag, simply place the bag into your teapot or cup.

4. Pour the water: Once your water has reached the correct temperature, slowly pour it over the tea leaves or tea bag.

5. Steep the tea: Leave the tea to steep for a few minutes. The steeping time depends on the type of tea. Generally, green tea should be steeped for about 3 minutes, while black tea can be steeped for 3 to 5 minutes. Check the packaging for specific recommendations.

6. Remove the tea leaves or bag: After steeping, remove the tea infuser or tea bag from the teapot or cup.

7. Add extras if you want: Depending on your preference, you may want to add sugar, honey, milk, or lemon to your tea. 

8. Stir and enjoy: Give your tea a good stir before drinking to ensure that all the flavors are evenly distributed. Then, enjoy your freshly brewed cup of tea. 

Remember to always be mindful of the tea's temperature to avoid burns.",5
claude-2,instruction_following,"Here are the basic steps to make a cup of tea:

1. Boil water. Fill a tea kettle or sauce pan with fresh cold water and place it on the stove on high heat. Bring the water to a rolling boil.

2. Prepare your tea cup. Choose a cup or mug to steep your tea in. Warm it up by rinsing it with hot water from the kettle or tap. Drain the water out and place the empty cup ready for the tea.

3. Put the tea bag or loose tea in the cup. If using a tea bag, place it in the empty warmed up cup. If using loose tea leaves, put them into a tea infuser or strainer basket and place that into the cup. Usually about 1 teaspoon of leaves per 8 oz cup is a good amount.

4. Pour the hot water over the tea. Take the water off the heat just before it reaches a full rolling boil. Slowly pour the hot water from the kettle over the tea bag or infuser basket in the cup. Fill it almost to the top. 

5. Steep the tea. Allow the tea to steep for a few minutes so the tea can release its color, flavors and aromas into the water. Steeping time depends on the type of tea and your taste preferences, usually 2-5 minutes.

6. Remove the tea bag or infuser. Once the desired steep time has passed, remove and discard the tea bag or infuser filled with wet tea leaves. This will prevent over-steeping which can make the tea bitter.  

7. Enjoy! Add any sweeteners, milk or lemon to taste if desired. Be careful not to burn your mouth on the hot tea!",8
gemini-pro,instruction_following,"## How to Make a Perfect Cup of Tea:

Making the perfect cup of tea is an art, influenced by personal preference and the specific type of tea you're using. However, here's a general guide to get you started:

**Preparation:**

1. **Gather your tools:** You'll need a teapot, a teacup, a strainer (optional), and a spoon. 
2. **Choose your tea:** Decide which type of tea you want to enjoy. Black, green, oolong, white, and herbal teas all have different brewing requirements. 
3. **Measure the water:** Use fresh, cold water and measure the amount according to your teapot or desired cup size. A general rule is 1-2 teaspoons of loose leaf tea or one teabag per 8 ounces of water.
4. **Heat the water:** Heat the water to the appropriate temperature for your chosen tea. Black tea typically requires boiling water (212°F), while green and white teas require lower temperatures (170-185°F). Oolong falls somewhere in between.

**Brewing:**

5. **Warm the teapot:** Pour a small amount of hot water into your teapot and swirl it around to preheat it. Discard this water.
6. **Add the tea:** Place the measured tea leaves or teabag into the teapot.
7. **Pour the hot water:** Slowly pour the heated water over the tea leaves, filling the teapot to your desired level.
8. **Steep the tea:** Let the tea steep for the recommended time, which varies depending on the type of tea. Generally, black tea needs 3-5 minutes, green tea needs 2-3 minutes, and white tea needs 1-2 minutes.
9. **Strain (optional):** If you used loose leaf tea, use a strainer to pour the tea into your cup.

**Enjoyment:**

10. **Add milk or sugar (optional):** Some people prefer adding milk or sugar to their tea. Experiment and find what you like best.
11. **Relax and savor your tea:** Enjoy the aroma and taste of your perfectly brewed cup of tea.

**Additional Tips:**

* Use filtered water for better-tasting tea.
* Adjust the steeping time according to your preference for stronger or weaker tea.
* Experiment with different types of tea and brewing methods to discover your favorites.
* Clean your teapot and strainer thoroughly after each use.

**Bonus:**

* You can add a slice of lemon or honey to your tea for extra flavor and health benefits.
* For a refreshing iced tea, simply brew your tea as usual, then pour it over ice.

Remember, these are just general guidelines. Feel free to adjust them to suit your personal taste and enjoy your perfect cup of tea!",3
gpt-4,knowledge_retrieval,The capital city of Australia is Canberra.,3
claude-2,knowledge_retrieval,The capital city of Australia is Canberra.,3
gemini-pro,knowledge_retrieval,The capital city of Australia is Canberra.,3
